id,title,milestone,implementation_status,scope_disposition,source_lines,deliverable,acceptance_tests,decision_dependencies,decision_dependency_status,pending_confirmation_dependencies
S1,"Story phases: one region, many moments",P02/P11,NOT VERIFIED / NOT STARTED BY THIS PLAN,"Source scope, subject to authorization","[927, 973]","Phase API, concept prerequisites and per-activity snapshots; island early/main/post variants use separate story, profile and introduced-concept inputs.",Future-reveal rejection; task phase remains fixed while open; entry by boat and ferry; all profile tiers.,[],{},[]
S2,Seeded event streams (no re-roll by loading),P02/P04/P05,NOT VERIFIED / NOT STARTED BY THIS PLAN,"Source scope, subject to authorization","[974, 1000]",Per-save RNG families and stored event schedules; cosmetic animation cannot consume learning or world-event draws.,Seed replay; no reload reroll; old patrol fix preserved; family independence and serialization.,[],{},[]
S3,"Records that live with each save (stamps, seals, stars, illustrations)",P02/P06,NOT VERIFIED / NOT STARTED BY THIS PLAN,"Source scope, subject to authorization","[1001, 1047]","Per-save records, appearance metadata and read-only gallery access; device reveal preference is not a witnessed record.",Copy/delete/new-slot isolation; no cross-slot writes; missing older fields migrate honestly.,[],{},[]
S4,"Saves, schema and the twelve-chapter edition",P02/P14/P18,NOT VERIFIED / NOT STARTED BY THIS PLAN,"Source scope, subject to authorization","[1048, 1089]","Edition number, schema migration, stable old flags, new chapter-number map and one NG+ carryover/farewell path.",All old chapter saves; decline byte-preserving; origin companion; confirmed overwrite; failed storage.,[],{},[]
S5,The content pipeline for new regions,P02/P03/continuous,NOT VERIFIED / NOT STARTED BY THIS PLAN,"Source scope, subject to authorization","[1090, 1125]","Strict new-content validation, recognition-data intake, authoring templates and reference-backed Japanese review ledger.","Missing tiers/tokens/readings, invalid alternative multiset, concept leaks, missing non-audio route and licence checks.",[],{},[]
S6,Size and performance budget,P01/P02/each/P17,NOT VERIFIED / NOT STARTED BY THIS PLAN,"Source scope, subject to authorization","[1126, 1158]","Measured build, startup, decode, frame and cache budgets with lazy bounded artwork; source estimates remain estimates.",Cold/warm desktop and actual foldable runs; cache release/stress; build below approved ceiling; no invented measured results.,[],{},[]
S7,Test infrastructure for a larger game,P00/P02/each,NOT VERIFIED / NOT STARTED BY THIS PLAN,"Source scope, subject to authorization","[1159, 1173]","Named chapter, phase, branch, wardrobe and encounter fixtures; task-owned browser evidence and coverage reports.",Fixtures load only supported states; no player save-export feature; F/Ren scope accurately reported.,[],{},[]
S8,Spec and contract amendments (Robin's sign-off),P00/P02,NOT VERIFIED / NOT STARTED BY THIS PLAN,"Source scope, subject to authorization","[1174, 1194]","Logged source-contract amendments and decision precedence, including twelve chapters, edition boundary, romance and exceptions.",Every changed rule points to approval; contradictory tests updated narrowly; unrelated guardrails unchanged.,[],{},[]
E1,Participants with purposes (the actor model),P04,NOT VERIFIED / NOT STARTED BY THIS PLAN,"Source scope, subject to authorization","[1222, 1255]","General actor collection with legacy views, independent agendas and separate roster versus encounter status display.","Existing battle parity before additions; target legality; no guest control, replacement companion or solo-stretch fighter.",[],{},[]
E2,"Arrivals, reinforcements and summons, counted in turns",P04,NOT VERIFIED / NOT STARTED BY THIS PLAN,"Source scope, subject to authorization","[1256, 1298]",Authored turn-based arrivals and finite ordinary budgets; repeating bosses have dispatchable summons and explicit standing limits.,Schedule reproducibility; preventive response; no read/help timer; Relaxed no hostile arrivals; no overflow/deadlock.,[],{},[]
E3,Wanderers,P04/P08–P15,NOT VERIFIED / NOT STARTED BY THIS PLAN,"Source scope, subject to authorization","[1299, 1327]","Regional wanderers with profile-aware arrival dialogue, purpose, targeting, memory/cooldown and situation-specific interference reactions.",No consecutive pursuit pattern; no duplicate entry; dialogue pauses danger; helping does not universally provoke hostility.,[],{},[]
E4,"Contextual response relationships (""conditions""), not an element chart",P04,NOT VERIFIED / NOT STARTED BY THIS PLAN,"Source scope, subject to authorization","[1328, 1371]","Data-driven contextual condition evaluator with bounded chains, truthful explanations and distinct visible status treatment.","All source condition-response pairs, no-effects, ordering, expiry, cleansing and correct-language/poor-tactic separation.",[],{},[]
E5,"An honest preview: ""suitable here"" or ""nothing to do here""",P02/P04,NOT VERIFIED / NOT STARTED BY THIS PLAN,"Source scope, subject to authorization","[1372, 1397]",Combat effect preview sourced from the actual evaluator; noncombat generic descriptions and versioned tried marks.,Preview/result equality; no mutation/RNG during preview; no answer-revealing preview on social/procedure tasks.,[],{},[]
E6,Encounters with different objectives,P04/P08–P15,NOT VERIFIED / NOT STARTED BY THIS PLAN,"Source scope, subject to authorization","[1398, 1412]","Objective encounter predicates, protected objects and authored alternatives; objective failure/reset is not language failure.",At least two supported approaches; leave safely; no false knot UI on people or objects without knots.,[],{},[]
E7,Machines and procedures: puzzle battles,P04/P08/P09,NOT VERIFIED / NOT STARTED BY THIS PLAN,"Source scope, subject to authorization","[1413, 1446]","Step procedures with readable state, tactical reset/stable checkpoints, clue access and contextual companion actions.",Wrong language retries; understood wrong operation follows policy; leave/return; stale step eligibility; full ordered procedure.,[],{},[]
E8,"Social encounters: mediation, negotiation, argument chains",P04/P08/P13,NOT VERIFIED / NOT STARTED BY THIS PLAN,"Source scope, subject to authorization","[1447, 1488]","Purposeful social scenes with stances, evidence, evolving options, competing goals and multiple supported conclusions.",Naive strategy challenge; alternate conclusions; Wait; omitted information; all companions; no retaliation for attempting help.,[],{},[]
E9,"Wait: an action, not idleness",P04,NOT VERIFIED / NOT STARTED BY THIS PLAN,"Source scope, subject to authorization","[1489, 1502]","An explicit Wait action with authored progression or observation benefit, separate from inactivity.",Idle time changes nothing; deliberate Wait advances exactly one documented exchange; confirmation where consequence is lasting.,[],{},[]
E10,"The companion in new encounter types, and tactical plans",P04/P08–P15,NOT VERIFIED / NOT STARTED BY THIS PLAN,"Source scope, subject to authorization","[1503, 1521]",Companion plans and situation-specific response sets; direct override and clear target information.,Each companion's new encounter role; availability under silence/absence; override once; no duplicated support action.,[],{},[]
E11,"""Resolve this step""",P04/P07,NOT VERIFIED / NOT STARTED BY THIS PLAN,"Source scope, subject to authorization","[1522, 1540]",Versioned solved-step reuse invoking original effects/costs/animation without new recall credit or rewards.,"Changed preconditions reject reuse; identical step matches; repeat cannot duplicate progression, record or item.",[],{},[]
E12,More than three creatures,P01/P04,NOT VERIFIED / NOT STARTED BY THIS PLAN,"Source scope, subject to authorization","[1541, 1569]","Responsive depth formation for authored larger scenes, after actor-count clarification; brief Harmony overlap preserves key UI.",Actual agreed maximum roster; 3/4/5 fixture cases; narrow layouts; target focus; cut-in remains usable; no tactical lanes.,"[""D04"", ""D05""]","{""D04"": ""SEE RESOLUTION REGISTER"", ""D05"": ""SEE RESOLUTION REGISTER""}","[""D04"", ""D05""]"
E13,"Equivalent expressions, different practice",P03/P04,NOT VERIFIED / NOT STARTED BY THIS PLAN,"Source scope, subject to authorization","[1570, 1583]",Meaning-equivalent expressions share tactical effects but retain distinct appropriate practice/evidence paths.,Synonyms and authored paraphrases; no bonus damage for sophisticated Japanese; taught availability and mode parity.,[],{},[]
E14,Preparation before an encounter,P04/P08–P15,NOT VERIFIED / NOT STARTED BY THIS PLAN,"Source scope, subject to authorization","[1584, 1596]",Optional environmental preparation changes the encounter opening using evidence and taught tools.,Skipping preparation remains viable; effects persist exactly once; previewed facts reflect inspected state.,[],{},[]
E15,Fixed-tool tactical studies,P04/P15,NOT VERIFIED / NOT STARTED BY THIS PLAN,"Source scope, subject to authorization","[1597, 1610]",Populate the fixed-tool tactical-study collection with resettable scenario records and local teaching feedback.,Each study solvable with supplied tools; multiple approaches where authored; no score/timer leakage into campaign.,[],{},[]
E16,Optional superbosses,P15,NOT VERIFIED / NOT STARTED BY THIS PLAN,"Source scope, subject to authorization","[1611, 1629]","Finish the approved postgame guardian roster, each with a distinct mechanic, context and revealable illustration/cosmetic record.",Chosen tactics/profile solvability; no mandatory input mode; no HP-only padding; optional rewards never become story prerequisites.,[],{},[]
E17,Lasting outcomes and the consequence rules,P04/P08–P15,NOT VERIFIED / NOT STARTED BY THIS PLAN,"Source scope, subject to authorization","[1630, 1652]","Understood-intention commitment and authored permanent side outcomes, protected cast and reflection/comfort variants.",Recognition failure never commits; cancellation; every branch; required progress survives; no protected character lost.,[],{},[]
E18,"Harmony: the open question, and its new roles",P04/P14,NOT VERIFIED / NOT STARTED BY THIS PLAN,"Source scope, subject to authorization","[1653, 1660]",Preserve one filled-meter technique unless a newer decision authorizes charges; mutual-understanding role in social scenes.,No technique while apart; no extra charge invented; same result across animation modes; clear pending decision disposition.,"[""D16""]","{""D16"": ""SEE RESOLUTION REGISTER""}","[""D16""]"
E19,Help in required story battles after repeated defeat,P04/P07,NOT VERIFIED / NOT STARTED BY THIS PLAN,"Source scope, subject to authorization","[1661, 1680]","Declineable escalating story-encounter help, also available on request, with answer-supplied evidence where applicable.",Repeated defeat offers help without changing profile/reward; refusal safe; highlighted support recorded honestly.,[],{},[]
E20,Ambushes and visible creatures,P04/P07,NOT VERIFIED / NOT STARTED BY THIS PLAN,"Source scope, subject to authorization","[1681, 1692]",Preview-declared dungeon ambushes with visible map cues and scheduled arrivals; no surprise interruption in quiet puzzle examination.,Visual cue without sound; avoidance path; Relaxed rules; no normal-road ambush accidentally inherited.,[],{},[]
E21,Harmony needs a sound,P02/P16,NOT VERIFIED / NOT STARTED BY THIS PLAN,"Source scope, subject to authorization","[1711, 1728]",Synthesize shared Harmony arrival and four technique-specific peak accents matched to actual animation events.,No sound in Instant; no duplicate on skip; mute/reduced motion timing; loudness policy and no external recordings.,[],{},[]
E22,"How groups scale today, and what changes",P04/P14,NOT VERIFIED / NOT STARTED BY THIS PLAN,"Source scope, subject to authorization","[1729, 1753]","Numbered action order and explicit targets, wider player tools and twelve-chapter balance under C-73, approved as asked (no proposed per-round group ceiling).",Group ordering and retarget rules; mistake cap preserved; strict versus counter-enabled Unravel tests labelled separately.,"[""C-73""]","{""C-73"": ""APPROVED AS ASKED""}",[]
E23,More kinds of creature,P04/P08–P16,NOT VERIFIED / NOT STARTED BY THIS PLAN,"Source scope, subject to authorization","[1754, 1778]","Actual per-region creature manifest, distinct new moves, field and battle art, four-profile help, field-guide entry and choreography.",Unique mechanics not recolors; every kind reachable; count discrepancy resolved without fillers; no unrelated mockup creatures.,[],{},[]
E24,"Why fight a roaming creature? (options, as Robin asked)",P05/P08–P15,NOT VERIFIED / NOT STARTED BY THIS PLAN,"Source scope, subject to authorization","[1779, 1798]","Lost-word restoration, route changes, selected quest carriers, revisitable notables and field-guide stamps without ordinary loot farming.",Restoration once; natural world change; no repeated reward exploitation; optional discoveries remain revisitable.,[],{},[]
E25,Companions grow in battle too,P04/P08–P14,NOT VERIFIED / NOT STARTED BY THIS PLAN,"Source scope, subject to authorization","[1799, 1823]",Per-companion twelve-chapter growth schedule with upgrades and discoverable tools; six convenient actions plus access to the rest.,Reachable nonmissable unlocks; taught prerequisites; at least 70% solo-round language-work guard as specified; no hidden menu removal.,[],{},[]
E26,"Varied tactics: two moves at once, plans, and silencing",P04/P10–P14,NOT VERIFIED / NOT STARTED BY THIS PLAN,"Source scope, subject to authorization","[1824, 1846]","Telegraphed two-move turns, two-round plans and Hush-only family/modifier suppression, with a known route to recover.",Relaxed exemption; all actions not disabled; accurate remaining duration; counter available; Unravel contract discrepancy resolved.,"[""D06""]","{""D06"": ""SEE RESOLUTION REGISTER""}","[""D06""]"
E27,Modifier words: extending a response's reach,P03/P04/P08–P15,NOT VERIFIED / NOT STARTED BY THIS PLAN,"Source scope, subject to authorization","[1847, 1918]","Eleven confirmed modifier families, natural phrase whitelist, target options, trades, taught/discovered sources and evidence spans.",Approved C-72/74 behavior and placement; ambiguous targets; mode parity; no displayed-text writing credit; overlap explanations distinguish Japanese from game effects.,"[""C-72"", ""C-74""]","{""C-72"": ""APPROVED AS ASKED"", ""C-74"": ""APPROVED AS ASKED""}",[]
D1,The expedition framework,P07,NOT VERIFIED / NOT STARTED BY THIS PLAN,"Source scope, subject to authorization","[1946, 1960]","Shared expedition state for authored large floors and fixed generated variations, with explicit per-mode policies.",Connected navigation; stable topology; serialization; room variation cannot block necessary anchors or exits.,[],{},[]
D2,Persistent condition and stationed resources,P07/P15,NOT VERIFIED / NOT STARTED BY THIS PLAN,"Source scope, subject to authorization","[1961, 2004]","Tactical-only persistent condition and limited stationed resources, not a consumable inventory; provenance-aware damage/heal accounting.",Mixed mistake/tactic/heal sequences; caps; depleted stations; no delver dependency; leave always possible.,[],{},[]
D3,"Failure, retreat and suspend",P07/P15,NOT VERIFIED / NOT STARTED BY THIS PLAN,"Source scope, subject to authorization","[2005, 2025]","Separate restart, retreat, defeat, close and suspend transitions for story, optional, Atlas and Hall expeditions.","Exact policy table, interrupted transitions, coherent foes/mechanisms/stations reset; records retained; no mid-battle suspend.",[],{},[]
D4,The entrance preview,P07,NOT VERIFIED / NOT STARTED BY THIS PLAN,"Source scope, subject to authorization","[2026, 2040]","Entrance previews for topic, scope, persistent condition, ambush rules, reset and chosen challenge without revealing answers.",Every expedition has accurate metadata; unsupported length claims absent; settings match launched run.,[],{},[]
D5,Story dungeons,P07/P08–P14,NOT VERIFIED / NOT STARTED BY THIS PLAN,"Source scope, subject to authorization","[2041, 2048]",Story dungeon checkpoint and support integration using the shared expedition framework.,Repeated defeat cannot permanently block finale; no optional-dungeon reset accidentally applied to story.,[],{},[]
D6,Dungeon families: ten kinds of learning space,P03/P07/P15,NOT VERIFIED / NOT STARTED BY THIS PLAN,"Source scope, subject to authorization","[2049, 2069]","Ten family templates and populated examples: apprenticeship, transfer, forks, counterexamples, multiformat, case, return, story, explanation and information gaps.",At least one complete example of each; all profiles and input alternatives; no ten-engine duplication.,[],{},[]
D7,"Atlas commissions: themed, reactive and mapping expeditions",P07/P15,NOT VERIFIED / NOT STARTED BY THIS PLAN,"Source scope, subject to authorization","[2070, 2097]","Atlas practice, themed and survey commissions with fixed shape, local room variation and permitted adaptive practice.",Topic constraints; unseen concept teaching; geometry unchanged after mistakes; surveys optional and useful; ordinary resume preserved.,[],{},[]
D8,Delvers: familiar faces in the depths,P07/P15,NOT VERIFIED / NOT STARTED BY THIS PLAN,"Source scope, subject to authorization","[2098, 2122]","Optional familiar delvers, baseline aid plus contextual extra help from remembered shared moments.",No lucky meeting required; assistance never removed after a wrong memory; once-per-instance aid/cooldown and safe record handling.,[],{},[]
D9,The Hall of a Hundred Tales (百物語の館),P15,NOT VERIFIED / NOT STARTED BY THIS PLAN,"Source scope, subject to authorization","[2123, 2217]","All ten wings and one hundred deliberate trial IDs, local identities, hearths, exact reprieves/suspend, Grow/Consolidate, capstone and illustrations.",100 reachable trials; no random visit counted as mandatory; every wing reset path; zero-delver viability; reveal never marks completion.,[],{},[]
D10,Shortcuts and walking,P07/P08–P15,NOT VERIFIED / NOT STARTED BY THIS PLAN,"Source scope, subject to authorization","[2218, 2225]","Meaningful shortcuts and map/station annotations, including waystation/hearth travel where specified.",Shortcuts unlock from intended side; no progression bypass; paths and resource-use labels agree with state.,[],{},[]
L1,An evidence log that records what was actually shown,P03,NOT VERIFIED / NOT STARTED BY THIS PLAN,"Source scope, subject to authorization","[2255, 2290]","Attempt/evidence schema by skill, reading and context with bounded history and no fabricated migration history.",Duplicate-event rejection; guided versus recall; distinct readings; one attempt does not inflate aggregates.,[],{},[]
L2,What help supplied: the assistance categories,P03,NOT VERIFIED / NOT STARTED BY THIS PLAN,"Source scope, subject to authorization","[2291, 2318]","Deterministic assistance taxonomy based on what help supplied, not inferred motives or number of clicks.","Candidate opening, redraw, chart/model, translation and tactical help cases; exposure-sensitive classification per skill.",[],{},[]
L3,Mastery exams and stars,P03/P06,NOT VERIFIED / NOT STARTED BY THIS PLAN,"Source scope, subject to authorization","[2319, 2352]","Per-input exam groups and stars, strict under-30% help rule, first-commit records and explicitly resolved retake semantics.",2/10 versus 3/10; wrong-first then correct retry; fresh retake denominator; no star-dependent unlock of any kind.,"[""D07""]","{""D07"": ""SEE RESOLUTION REGISTER""}","[""D07""]"
L4,"Word, kanji and kana pages",P03/P06,NOT VERIFIED / NOT STARTED BY THIS PLAN,"Source scope, subject to authorization","[2353, 2368]","Word, kana and kanji pages showing evidence by mode/context/reading and useful next practice without shame.",Honest denominators; zero-history states; both kanji readings; no global accuracy/difficulty coupling.,[],{},[]
L5,"""Things I Can Do"" (A58)",P03/P06,NOT VERIFIED / NOT STARTED BY THIS PLAN,"Source scope, subject to authorization","[2369, 2383]",Plain-language can-do portfolio backed by concrete authored activity evidence.,Every claim points to actual demonstrated action; no certificate/JLPT claim or inferred skill from mere exposure.,[],{},[]
L6,"Spacing that notices days, without pressure",P03,NOT VERIFIED / NOT STARTED BY THIS PLAN,"Source scope, subject to authorization","[2384, 2393]","Date-aware review suggestions only, honoring the later C-36 decision while leaving world time untouched.","Clock shift/timezone/no-use cases; no overdue count, login streak or penalty; no battle timer from scheduler.",[],{},[]
L7,Sentence forging: say what you need,P03/P08–P15,NOT VERIFIED / NOT STARTED BY THIS PLAN,"Source scope, subject to authorization","[2394, 2422]","Bounded sentence-forging engine with support ladder, authored variants and physical/contextual outcomes.","Alternatives, constraints, all modes/profiles, explanatory feedback; new-content construction targets measured not forced into old content.",[],{},[]
L8,Scene to sentence,P03/P08/P15,NOT VERIFIED / NOT STARTED BY THIS PLAN,"Source scope, subject to authorization","[2429, 2429]",Scene-to-sentence template connecting observed change to an accepted description.,Actor/object reference distinctions and valid alternative descriptions; screenshots agree with the stated situation.,[],{},[]
L9,Particle routing,P03/P08/P15,NOT VERIFIED / NOT STARTED BY THIS PLAN,"Source scope, subject to authorization","[2430, 2430]",Particle routing with explicit sender/object/recipient/route data and visible movement.,Particles alter correct roles; route destination agrees with phrase; multiple valid delivery plans.,[],{},[]
L10,Verb-transforming devices,P03/P09/P13,NOT VERIFIED / NOT STARTED BY THIS PLAN,"Source scope, subject to authorization","[2431, 2431]","Verb transformation device templates for instruction, prohibition, preparation and completed state.",Authored forms and alternatives; fictional device rules labelled; no claim that grammar itself is magical.,[],{},[]
L11,Reference detective,P03/P09/P15,NOT VERIFIED / NOT STARTED BY THIS PLAN,"Source scope, subject to authorization","[2432, 2432]","Reference detective across omitted subjects, pronouns and earlier mentions.",More than nearest-noun matching; ambiguous references explained; evidence contains the intended antecedent.,[],{},[]
L12,Asking back,P03/P08–P15,NOT VERIFIED / NOT STARTED BY THIS PLAN,"Source scope, subject to authorization","[2433, 2433]",Clarify actions with authored repeat/simplify/confirm responses on difficult new-region lines.,"Asking is successful agency, not a failure flag; simpler wording preserves meaning; no time penalty.",[],{},[]
L13,Paraphrase bridges,P03/P13/P15,NOT VERIFIED / NOT STARTED BY THIS PLAN,"Source scope, subject to authorization","[2434, 2434]",Paraphrase tasks preserving a notice's operative condition while simplifying its wording.,Valid paraphrases retain exception/negation; overbroad meaning gets explanatory retry rather than false acceptance.,[],{},[]
L14,Evidence reporting,P03/P12/P15,NOT VERIFIED / NOT STARTED BY THIS PLAN,"Source scope, subject to authorization","[2435, 2435]","Evidence reporting separating direct observation, hearsay, appearance and inference.",Supported certainty and source tracked; alternate natural phrasing; no invented certainty or unreviewed grammar claims.,[],{},[]
L15,Comic and dialogue reconstruction,P03/P09/P11,NOT VERIFIED / NOT STARTED BY THIS PLAN,"Source scope, subject to authorization","[2436, 2436]",Comic and dialogue reconstruction with bubbles/speakers and explicitly supported alternate sequences.,Tile multiset and semantic variation; speaker integrity; no accidental wrong canonical speaker attribution.,[],{},[]
L16,Sound-and-meaning workshops,P03/P11,NOT VERIFIED / NOT STARTED BY THIS PLAN,"Source scope, subject to authorization","[2437, 2437]",Optional device-voice sound-and-meaning workshops with complete text routes.,No voice available; voice cancellation; no validated listening claim or required audio-dependent answer.,[],{},[]
L17,Explain it to a partner,P03/P07/P15,NOT VERIFIED / NOT STARTED BY THIS PLAN,"Source scope, subject to authorization","[2438, 2438]",Explain-to-partner tasks that link a proposed plan to evidence the player can inspect.,Reasons actually support the plan; all companions respond in character; multiple supported explanations.,[],{},[]
L17b,Modifier phrases,P03/P04,NOT VERIFIED / NOT STARTED BY THIS PLAN,"Source scope, subject to authorization","[2439, 2439]","Modifier phrase task template linked to E27, with natural wording and entered-versus-shown spans.",Particle/noun exposure; evidence only for produced spans; approved C-72/74 scope and concept prerequisites.,"[""C-72"", ""C-74""]","{""C-72"": ""APPROVED AS ASKED"", ""C-74"": ""APPROVED AS ASKED""}",[]
L18,"Growth offered, never imposed: the Grow route",P03/P15,NOT VERIFIED / NOT STARTED BY THIS PLAN,"Source scope, subject to authorization","[2445, 2465]","Local Grow routes teaching before testing, with Advanced nuance instead of an invented tier.",Decline/exit restores campaign profile; no permanent promotion; all content needed for growth provided locally.,[],{},[]
L19,Measuring what players actually meet,P02/P03/each,NOT VERIFIED / NOT STARTED BY THIS PLAN,"Source scope, subject to authorization","[2466, 2474]","Instrumentation for encountered tasks, modes, help and construction by chapter, distinguishing authored counts from observed paths.",Repeated opening not counted as new encounter; fixture/automation timing not presented as human playtime.,[],{},[]
L20,The kanji record and the chart,P03/P06,NOT VERIFIED / NOT STARTED BY THIS PLAN,"Source scope, subject to authorization","[2475, 2481]",Kanji chart practice and exposure records connected to the same evidence model.,Chart reveals never counted as unaided recall; per-reading and entry-mode behavior; valid missing-data handling.,[],{},[]
W1,Evolving communities,P05/P08–P15,NOT VERIFIED / NOT STARTED BY THIS PLAN,"Source scope, subject to authorization","[2501, 2533]","Two-to-four source-guided change beats per community, with map, dialogue and activity consequences tied to story.",Old topics remain accessible; additive changes preserve navigation; no future reveal on premature return.,[],{},[]
W2,NPC routines,P05,NOT VERIFIED / NOT STARTED BY THIS PLAN,"Source scope, subject to authorization","[2534, 2557]",Two-to-four routine slots per relevant resident using travel/story/rest ticks and quest pins.,No moving while on-town/in-dialogue; one person one place; right exit toward destination; activity/anchor valid.,[],{},[]
W3,"""Have you seen…?"": finding people naturally",P05,NOT VERIFIED / NOT STARTED BY THIS PLAN,"Source scope, subject to authorization","[2558, 2584]","Ask-about-person dialogue from authored relationships, sightings, usual places and honest uncertainty.",Unknown town no omniscience; refusal permitted; last-seen not live tracking; quest guide remains optional.,[],{},[]
W4,"Day and night: evaluated, not recommended first",P05,NOT VERIFIED / NOT STARTED BY THIS PLAN,Deferred by source C-38; preserve story-set states,"[2585, 2598]",Keep story-set light/time states; do not build a free-running day/night simulation in this scope.,Visual animation and date scheduler never advance town time; night state cannot leak to unrelated scenes.,[],{},[]
W5,Road events,P05/P08–P15,NOT VERIFIED / NOT STARTED BY THIS PLAN,"Source scope, subject to authorization","[2599, 2621]","Unique deferred first-arrival road events and seeded later variant pools, with local solutions and once-only records.",Ignoring never permanently loses unique event; recurrence/cooldown; no renewable item economy or sound-only urgency.,[],{},[]
W6,"New abilities reopen old places (""return keys"")",P05/P08–P15,NOT VERIFIED / NOT STARTED BY THIS PLAN,"Source scope, subject to authorization","[2622, 2644]","Return-key content and taught new inscription candidates, with visible sealed spots and Known-details hints.",Prerequisite teaching; remembered spot opens correctly; no critical path blocked by optional late discovery.,[],{},[]
W7,The Harbourmaster's long quest and sailing,P11,NOT VERIFIED / NOT STARTED BY THIS PLAN,"Source scope, subject to authorization","[2645, 2712]","All five boat-quest stages, alternatives, named vessel, manual/crew sailing, repairs, sea events, log and public-ferry fallback.",Skip preserves unique story events; no failure/fuel/grind; both control routes; no-boat Chapter 9; licence retry.,[],{},[]
W8,The boat as a home: the travelling reading room (A57),P11,NOT VERIFIED / NOT STARTED BY THIS PLAN,"Source scope, subject to authorization","[2713, 2727]","Boat cabin with display, volume, rest, companion/pet and Distractions; equivalent land venues.",No upkeep or essential boat exclusivity; launch/return safe; appearance and pet persist correctly aboard.,[],{},[]
W9,Notices that change behaviour,P05/P08/P13,NOT VERIFIED / NOT STARTED BY THIS PLAN,"Source scope, subject to authorization","[2732, 2732]",Notices compiled from supported intentions visibly change queues/routes and local behavior.,Words and movement agree; state change once; unsuitable wording cannot softlock navigation.,[],{},[]
W10,The press,P09,NOT VERIFIED / NOT STARTED BY THIS PLAN,"Source scope, subject to authorization","[2733, 2733]",Press exploration integration using C15's bounded story blocks and actual reader reactions.,World reaction derives from published version; no fabricated free-text understanding or duplicate paper economy.,[],{},[]
W11,Courier route planning,P08/P12,NOT VERIFIED / NOT STARTED BY THIS PLAN,"Source scope, subject to authorization","[2734, 2734]","Courier routing among people/places under phase constraints, accepting several coherent plans.",Routes account for recipient location; no real-time schedule pressure; allowed alternatives reach recipients.,[],{},[]
W12,Repair jobs,P05/P11/P13,NOT VERIFIED / NOT STARTED BY THIS PLAN,"Source scope, subject to authorization","[2735, 2735]",Inspection/instruction/tool/test repair tasks with job-supplied materials and reusable physical interactions.,Hands meet parts; all needed tools supplied; retry recoverable; no resource-hoarding prerequisite.,[],{},[]
W13,Connected inkweaving,P05/P08/P11/P13,NOT VERIFIED / NOT STARTED BY THIS PLAN,"Source scope, subject to authorization","[2736, 2736]","Connected water, air and weight mechanisms across rooms through the field-weaving state model.",Propagation order; cycles bounded; map reload preserves state; no contradictory water levels or blocked required exit.,[],{},[]
W14,Observation-first mechanisms,P05/P09/P15,NOT VERIFIED / NOT STARTED BY THIS PLAN,"Source scope, subject to authorization","[2737, 2737]","Pausable observe-and-adjust mechanisms, plus appropriate instruction-following activities.",Observation pause preserves clues; no reflex gate; diagram and moving prop reflect the same state.,[],{},[]
W15,Creature routing,P05/P11/P12,NOT VERIFIED / NOT STARTED BY THIS PLAN,"Source scope, subject to authorization","[2738, 2738]","Environmental creature redirection with light, shade, sound or notices where authored.",A complete noncombat resolution exists; sound has visual/text counterpart; practice records and route change honest.,[],{},[]
W16,Layered-site investigation,P05/P08/P11,NOT VERIFIED / NOT STARTED BY THIS PLAN,"Source scope, subject to authorization","[2739, 2739]",Layered old/current site investigations using the existing case engine.,Evidence comparison supports hypotheses; overlays line up with location; valid alternate interpretations handled.,[],{},[]
W17,Stage-blocking,P05/P09,NOT VERIFIED / NOT STARTED BY THIS PLAN,"Source scope, subject to authorization","[2740, 2740]",Stage-blocking templates place actors/props from directions and show the resulting rehearsal.,"Positions, entrances, exits and pronoun references match; retry no penalty; no clipping through scenery.",[],{},[]
R1,"Manybridge (八百橋, Yaobashi), the city of eight hundred bridges",P08/P09,NOT VERIFIED / NOT STARTED BY THIS PLAN,"Source scope, subject to authorization","[2796, 2944]","Both Manybridge chapters, districts, locks, Understage, print/stage/festival systems, all eight named side quests and return states.",All named quests accounted; two chapters complete; four profiles/companions; no filler to meet historic count estimates.,[],{},[]
R2,"The Cloudroad (雲路, Kumoji)",P12,NOT VERIFIED / NOT STARTED BY THIS PLAN,"Source scope, subject to authorization","[2945, 3027]","The Cloudroad's stations, reports, relay, papers, High Pass, courier encounter, five side quests and shortcuts.",Full route/return graph; solo stretch; report certainty; Nao arc; conditional paths and revised numbering.,[],{},[]
R3,"Steamhollow (湯ノ谷, Yunotani)",P13,NOT VERIFIED / NOT STARTED BY THIS PLAN,"Source scope, subject to authorization","[3028, 3111]","Steamhollow's inn arrangements, baths, vents, spirit/mediation climax, five side quests and companion arcs.",Every mediation outcome; remembered bath choice and comfort mode; reconciliation/Bond; no unwanted romance or voyeuristic staging.,[],{},[]
R4,"Kotonoha, the Isle of Word-Leaves (言の葉島)",P11/P15,NOT VERIFIED / NOT STARTED BY THIS PLAN,"Source scope, subject to authorization","[3112, 3213]","Kotonoha early/main/post phases, leaf returning, shells, exhibition, Root Hollows, five side quests and deeper return.",Early progress preserved; public ferry route complete; no future concepts/reveals; all companion reunions.,[],{},[]
R5,The Hall of a Hundred Tales (百物語の館),P10/P15,NOT VERIFIED / NOT STARTED BY THIS PLAN,"Source scope, subject to authorization","[3309, 3335]","Hall location/folklore seeding and its postgame opening linked to D9, not a duplicate dungeon engine.",Shuttered during intended story; postgame access; all ten wing identities and completion records.,[],{},[]
R6,Sazanami (漣) and East Landing: small ports for sailing,P11,NOT VERIFIED / NOT STARTED BY THIS PLAN,"Source scope, subject to authorization","[3336, 3349]","Sazanami and East Landing populated with source-described sea errands, school/fishing and multi-visit restoration.",Alternative access as authored; restored port usable; activities not empty markers; no inaccessible mandatory content.,[],{},[]
R7,The new settlement (postgame),P15,NOT VERIFIED / NOT STARTED BY THIS PLAN,"Source scope, subject to authorization","[3350, 3371]","Postgame settlement with named streets, notices, disputes, festival and visible phased growth.",Origin checked against sealed canon; constructive loop no renewed threat; no maintenance economy; all growth states reachable.,[],{},[]
R8,"The Keepers' Road (灯守の道, Himori no Michi)",P10,NOT VERIFIED / NOT STARTED BY THIS PLAN,"Source scope, subject to authorization","[3214, 3308]","Keepers' Road, lodge/scriptorium, lore/vigil, five side quests, Ren's crossroads and Hall promise.",Original Ren quest unchanged; classical optional; every supported telling; chapter seam and lantern states.,[],{},[]
C1,Register and role-switch scenarios (A41),P03/P08–P15,NOT VERIFIED / NOT STARTED BY THIS PLAN,"Source scope, subject to authorization","[3393, 3408]",Register/role-switch activities linked to actual relationships and purposes.,Several fitting expressions; more formal not automatically better; feedback no cultural-worth score.,[],{},[]
C2,"Public spaces: observe, read, ask (A42)",P03/P09/P13,NOT VERIFIED / NOT STARTED BY THIS PLAN,"Source scope, subject to authorization","[3409, 3423]",Observe/read/ask public-space activities showing each place's explicit rules.,Different inn/playhouse rules respected; signs and resident behavior match; no one universal Japanese rulebook implied.,[],{},[]
C3,Polite boundaries and refusal (A43),P03/P08/P13,NOT VERIFIED / NOT STARTED BY THIS PLAN,"Source scope, subject to authorization","[3424, 3437]","Refusal, correcting assumptions and proposing alternatives without relationship punishment.",Firm valid refusal accepted; authored softer reply; no required acquiescence or Bond subtraction.,[],{},[]
C4,Invitations and commitments (A44),P03/P09/P13,NOT VERIFIED / NOT STARTED BY THIS PLAN,"Source scope, subject to authorization","[3438, 3445]","Invitations and commitments with requirements, confirmation and alternatives.",Invite versus obligation distinct; changing arrangements coherent; no calendar clock dependency.,[],{},[]
C5,A dialect field guide (A45),P03/P08–P15,NOT VERIFIED / NOT STARTED BY THIS PLAN,"Source scope, subject to authorization","[3446, 3472]","Ways-of-speaking guide with regional/standard forms, source notes and optional comprehension.","Questions standard; dialect inventory validated; no imitation requirement, invented accent or unsupported caricature.",[],{},[]
C6,Markets and practical numbers (A46),P03/P08/P11/P13,NOT VERIFIED / NOT STARTED BY THIS PLAN,"Source scope, subject to authorization","[3473, 3484]","Practical quantities, counters, dates and prices as language content with arithmetic support.",No currency introduced; quantity constraints correct; Foundation kana route; explanations preserve intended order.,[],{},[]
C7,Gifts with communicative intent (A47),P08–P15,NOT VERIFIED / NOT STARTED BY THIS PLAN,"Source scope, subject to authorization","[3485, 3492]",Authored gift-presentation/accept/refuse scenes without mandatory gifting or affection farming.,Giving no repeatable Bond; refusal warm/valid; real custom versus fictional scene labelled.,[],{},[]
C8,Everyday documents (A48),P03/P08/P11–P13,NOT VERIFIED / NOT STARTED BY THIS PLAN,"Source scope, subject to authorization","[3493, 3506]","Notices, forms, timetables, labels, receipts and licences supporting concrete actions.",Relevant details available; accepted alternatives; no document changes that silently create impossible obligations.,[],{},[]
C9,Folklore with several tellers (A49),P08/P10/P11/P15,NOT VERIFIED / NOT STARTED BY THIS PLAN,"Source scope, subject to authorization","[3507, 3522]",Multiple tellings with speaker/place/source metadata and authored exhibition/play/Hall applications.,Contradictions remain meaningful; real/invented labels; no premature finale explanation.,[],{},[]
C10,"The festival: planning, the night, and games that stay",P09,NOT VERIFIED / NOT STARTED BY THIS PLAN,"Source scope, subject to authorization","[3523, 3579]","Complete festival preparation, visible layout, night, fireworks, five games and permanent revisits.",Core three tasks explicitly chosen; no game-score rewards; help pauses opt-in clocks; after-festival venues work.,[],{},[]
C10a,"Festival clothing: a big art job, flagged early",P09/P16,NOT VERIFIED / NOT STARTED BY THIS PLAN,"Source scope, subject to authorization","[3571, 3579]","Festival-only yukata for world, portraits and appropriate illustrations, restored after the event.",All required appearances; sleeve/obi contact; no battle/Harmony assets falsely required; no lasting unequipped-look bug.,[],{},[]
C11,Manzai with Suzu: a double act,P09/P15,NOT VERIFIED / NOT STARTED BY THIS PLAN,"Source scope, subject to authorization","[3580, 3602]","Suzu/local-double-act manzai with authored absurdities, supported corrections and audience response.",Humour self-reviewed; all routes can access appropriate performance; no player forced to imitate dialect or pursue celebrity.,[],{},[]
C12,Pastimes,P06/P09/P15,NOT VERIFIED / NOT STARTED BY THIS PLAN,"Source scope, subject to authorization","[3603, 3671]","Full scoped pastime set: shogi ladder, karuta, shiritori v2, fixed-deck koi-koi, suitable origami/calligraphy activities.",Explicit rulesets; legality/tutorial tests; local records; no gambling stakes or collectible economy; no new repeatable Bond.,[],{},[]
C13,Hot-spring customs (in Steamhollow),P13,NOT VERIFIED / NOT STARTED BY THIS PLAN,"Source scope, subject to authorization","[3672, 3681]","Bath customs, source-defined pronoun routing/remembered choice, companion choice and shown/summarised staging.",All routes and revisits; nonsexual adults; text available; content labels distinguish game policy from real-world uniformity.,[],{},[]
C14,Stepping into a community's quarrel,P04/P08–P15,NOT VERIFIED / NOT STARTED BY THIS PLAN,"Source scope, subject to authorization","[3682, 3688]","A meaningful community quarrel in each scoped region, using social encounters rather than rote common-sense prompts.",Attempting to help never retaliatory; supported conclusions differ; context-specific companion role.,[],{},[]
C15,The press: composing stories readers react to,P09,NOT VERIFIED / NOT STARTED BY THIS PLAN,"Source scope, subject to authorization","[3689, 3710]",Compose/preview/print/circulate/revise block-based stories with bounded reader reactions and optional proofreading.,"Reader tags correspond to actual published blocks/version; no free-text grading, popularity score or sales grind.",[],{},[]
C16,Apologising and making up (from Robin's C-59),P03/P10–P14,NOT VERIFIED / NOT STARTED BY THIS PLAN,"Source scope, subject to authorization","[3711, 3729]",Apology and reconciliation language across closeness/register and companion/world scenes.,Tone feedback without penalty; quarrels resolved; equivalent friendship/romance Bond; no blame for language errors.,[],{},[]
K1,The Road Stamp Book (achievements),P06/P08–P15,NOT VERIFIED / NOT STARTED BY THIS PLAN,"Source scope, subject to authorization","[3753, 3788]","Curated stamp registry and world stands with natural milestone criteria, source reward conflicts explicitly resolved.",Mutually exclusive side outcomes count done; no mode/help/score-gated stamp; hidden criteria spoiler safe.,"[""D02"", ""D03""]","{""D02"": ""SEE RESOLUTION REGISTER"", ""D03"": ""SEE RESOLUTION REGISTER""}","[""D02"", ""D03""]"
K2,The travel volume,P06/P16,NOT VERIFIED / NOT STARTED BY THIS PLAN,"Source scope, subject to authorization","[3789, 3833]","Full exact illustration manifest, layered player composition, bounded idle animation and completed scene coverage.",Reconstruct masters; palette/pose variants; phase/branch identity; current exact count instead of obsolete 60–70 estimate.,[],{},[]
K3,The witnessed mark: the player's own seal,P06,NOT VERIFIED / NOT STARTED BY THIS PLAN,"Source scope, subject to authorization","[3834, 3853]","Personal name seal design, witnessing event and optional sheen integrated into documents and illustrations.",Skip/help still witnessed; no time-view requirement; reduced motion held effect; same save provenance.,[],{},[]
K4,Viewing: in the Wayfarer's Ledger and on the Main Menu,P06,NOT VERIFIED / NOT STARTED BY THIS PLAN,"Source scope, subject to authorization","[3854, 3865]",In-campaign and main-menu viewing rules with Continue appearance/effects and no-save default.,Zero/six slots; fixed participants unaffected by active companion; no cross-save write; snapshot stable while viewing.,[],{},[]
K5,Spoilers: veiled until you choose,P06,NOT VERIFIED / NOT STARTED BY THIS PLAN,"Source scope, subject to authorization","[3866, 3880]","Explicit spoiler veils, per-page/chapter reveal, re-veil and show-all viewing preference.",No unprotected future thumbnail; reveal never awards completion; confirm text accurate; preference separate from seals.,[],{},[]
K6,Replaying moments,P06/P17,NOT VERIFIED / NOT STARTED BY THIS PLAN,Tier 3 conditional; tiers 1–2 implementation planned,"[3881, 3902]",All illustrated/page-backed replay and selected side-effect-free scene replay; Chapter Journey kept as a separate conditional proposal.,Before/after campaign hash unchanged; no RNG/award/Bond mutation; retelling rules approved before tier 3.,"[""D10 (tier 3 only)""]","{""D10 (tier 3 only)"": ""SEE RESOLUTION REGISTER""}","[""D10 (tier 3 only)""]"
K7,Distractions,P06/P09/P15,NOT VERIFIED / NOT STARTED BY THIS PLAN,"Source scope, subject to authorization","[3903, 3920]","Distractions index and individual illustrated game pages with rules, venue, companion launch and records.",No remote physical activity; safe companion launch; pending story dialogue priority; no dead buttons in final edition.,[],{},[]
K8,The companion's illustration set,P06/P14/P16,NOT VERIFIED / NOT STARTED BY THIS PLAN,"Source scope, subject to authorization","[3921, 3929]","Each companion's full illustration set, campaign-completion viewing and witnessed marks across NG+ runs.",Other companion art viewable from gallery; seals reflect actual event/run; no bad-Bond illustration hierarchy.,[],{},[]
K9,New Game+ and records,P02/P06/P14,NOT VERIFIED / NOT STARTED BY THIS PLAN,"Source scope, subject to authorization","[3930, 3949]","One NG+ function and explicit carryover table across ending, Inn Ledger and old-edition entry points.",No equipment/Bond/story carryover; personal records persist; origin farewell and destination overwrite separated.,[],{},[]
K10,Fitting it all into the Wayfarer's Ledger,P06/P16,NOT VERIFIED / NOT STARTED BY THIS PLAN,"Source scope, subject to authorization","[3950, 3968]","Six-tab Wayfarer architecture, grouped Words/Journey subpages, unchanged equipment Satchel and six-save Inn Ledger. §15A physical-book presentation using U00–U07.","English/Japanese labels, text scaling, touch/keyboard, focus/scroll, actual data not invented levels or currency. UI-A01–UI-A20 with font-policy compliance.",[],{},[]
