id,requirement,acceptance_evidence,implementation_status,test_status,visual_approval
UI-A01,"The ledger reads as one physical, authored object rather than nested application panels.",Journey/Company captures with textures and shadows both on and off; Robin's visual review.,NOT IMPLEMENTED BY THIS DOCUMENT,NOT TESTED BY THIS DOCUMENT,NOT YET REQUESTED FOR IMPLEMENTATION
UI-A02,Shape and depth never compromise the reading plane.,Normal/large text and flat mode; no skewed ruby or clipped body text.,NOT IMPLEMENTED BY THIS DOCUMENT,NOT TESTED BY THIS DOCUMENT,NOT YET REQUESTED FOR IMPLEMENTATION
UI-A03,Page families are distinct without arbitrary navigation.,Six sections plus Inn Ledger and dialogue shown together with a control map.,NOT IMPLEMENTED BY THIS DOCUMENT,NOT TESTED BY THIS DOCUMENT,NOT YET REQUESTED FOR IMPLEMENTATION
UI-A04,Every existing and approved action remains reachable.,"Old-to-new control inventory and focused mouse, keyboard and touch checks.",NOT IMPLEMENTED BY THIS DOCUMENT,NOT TESTED BY THIS DOCUMENT,NOT YET REQUESTED FOR IMPLEMENTATION
UI-A05,"Follow, selection, focus, availability and danger are distinguishable without color alone.","State captures, keyboard traversal and high-contrast checks.",NOT IMPLEMENTED BY THIS DOCUMENT,NOT TESTED BY THIS DOCUMENT,NOT YET REQUESTED FOR IMPLEMENTATION
UI-A06,"Journey preserves destination, route explanation and hint progression.",Current/unreachable/completed fixtures; hint reveal counts and no accidental repeats.,NOT IMPLEMENTED BY THIS DOCUMENT,NOT TESTED BY THIS DOCUMENT,NOT YET REQUESTED FOR IMPLEMENTATION
UI-A07,"Company preserves the chosen companion, given pet name, Bond text, thoughts and speech settings.",All four companion fixtures; pet absent/present; pending-story and unavailable-topic states.,NOT IMPLEMENTED BY THIS DOCUMENT,NOT TESTED BY THIS DOCUMENT,NOT YET REQUESTED FOR IMPLEMENTATION
UI-A08,Distractions remains its own section and obeys venue/companion launch rules.,Safe start/return and story-priority fixtures; no remote physical game introduced.,NOT IMPLEMENTED BY THIS DOCUMENT,NOT TESTED BY THIS DOCUMENT,NOT YET REQUESTED FOR IMPLEMENTATION
UI-A09,The Inn Ledger stays a six-save interface with honest storage/edition states.,Zero/one/six saves; incompatible save; copy/overwrite/delete and storage-refusal tests.,NOT IMPLEMENTED BY THIS DOCUMENT,NOT TESTED BY THIS DOCUMENT,NOT YET REQUESTED FOR IMPLEMENTATION
UI-A10,"Japanese, furigana and mixed-script text stay correct and legible.",Actual-font audit and glyph specimens; long strings; no missing glyph or ruby overlap.,NOT IMPLEMENTED BY THIS DOCUMENT,NOT TESTED BY THIS DOCUMENT,NOT YET REQUESTED FOR IMPLEMENTATION
UI-A11,"Typography meets the approved readability, tone and offline requirements.","New-font permission recorded; exact family/licence, readable specimens, glyph/ruby coverage, fallback and offline report.",NOT IMPLEMENTED BY THIS DOCUMENT,NOT TESTED BY THIS DOCUMENT,NOT YET REQUESTED FOR IMPLEMENTATION
UI-A12,Page motion cannot alter results or lose navigation input.,"Transition interruption, repeated inputs, resize and reduced-motion changes; event-count assertions.",NOT IMPLEMENTED BY THIS DOCUMENT,NOT TESTED BY THIS DOCUMENT,NOT YET REQUESTED FOR IMPLEMENTATION
UI-A13,Dialogue remains manually advanced and available without a pointer.,Click/tap/key Next; history/help open and return; long lines and speaker identity.,NOT IMPLEMENTED BY THIS DOCUMENT,NOT TESTED BY THIS DOCUMENT,NOT YET REQUESTED FOR IMPLEMENTATION
UI-A14,Writing and typing remain independent of decorative book geometry.,Handwriting hit coordinates; IME composition; keyboard occlusion; confirm/cancel at large text.,NOT IMPLEMENTED BY THIS DOCUMENT,NOT TESTED BY THIS DOCUMENT,NOT YET REQUESTED FOR IMPLEMENTATION
UI-A15,"Compact layout is a real reflow, not a shrunken desktop screenshot.",320×640 and 375×667 CSS-pixel fixtures plus short landscape and foldable checks.,NOT IMPLEMENTED BY THIS DOCUMENT,NOT TESTED BY THIS DOCUMENT,NOT YET REQUESTED FOR IMPLEMENTATION
UI-A16,Battle identity and learning controls remain intact.,Decision/action/entry states; two-person HP/Harmony; temporary banner; Suzu cut-in; crowded layout.,NOT IMPLEMENTED BY THIS DOCUMENT,NOT TESTED BY THIS DOCUMENT,NOT YET REQUESTED FOR IMPLEMENTATION
UI-A17,Old and new screens share the finished treatment.,"Complete screen/state census, including empty/error/long-content/settings/help states.",NOT IMPLEMENTED BY THIS DOCUMENT,NOT TESTED BY THIS DOCUMENT,NOT YET REQUESTED FOR IMPLEMENTATION
UI-A18,The finished book remains quick and usable.,"Cold/warm menu-open, frame/stall/cache measures on actual tested devices, compared with baseline.",NOT IMPLEMENTED BY THIS DOCUMENT,NOT TESTED BY THIS DOCUMENT,NOT YET REQUESTED FOR IMPLEMENTATION
UI-A19,Presentation cannot fabricate progress or expose hidden story content.,State hashes around browsing/replay; spoiler veils; no false stamp/Bond/record award.,NOT IMPLEMENTED BY THIS DOCUMENT,NOT TESTED BY THIS DOCUMENT,NOT YET REQUESTED FOR IMPLEMENTATION
UI-A20,"The pass is visually accepted, not merely declared complete by its author.",A concise review set and explicit accepted/revise disposition for the remaining artistic issues.,NOT IMPLEMENTED BY THIS DOCUMENT,NOT TESTED BY THIS DOCUMENT,NOT YET REQUESTED FOR IMPLEMENTATION
